{
  "$schema": "https://schema.management.azure.com/schemas/2019-04-01/deploymentTemplate.json#",
  "contentVersion": "1.0.0.0",
  "parameters": {
    "WebAppNamePrefix": {
      "type": "string",
      "metadata": {
        "description": "Prefix used for creating web applications"
      }
    },
    "TenantID": {
      "type": "string",
      "metadata": {
        "description": "The value should match the value provided for Active Directory TenantID in the Technical Configuration of the Transactable Offer in Partner Center"
      }
    },
    "ADApplicationID": {
      "type": "string",
      "metadata": {
        "description": "The value should match the value provided for Active Directory Application ID in the Technical Configuration of the Transactable Offer in Partner Center"
      }
    },
    "ADApplicationSecret": {
      "type": "securestring",
      "metadata": {
        "description": "Secret key of the AD Application"
      }
    },
    "ADMTApplicationID": {
      "type": "string",
      "metadata": {
        "description": "The value should match the value provided for Single Tenant Active Directory Application ID in the Technical Configuration of the Transactable Offer in Partner Center"
      }
    },
    "SqlAdminLoginPassword": {
      "type": "string",
      "defaultValue": "[newGuid()]"
    },
    "PublisherAdminUsers": {
      "type": "string",
      "metadata": {
        "description": "Provide a list of email addresses (as comma-separated-values) that should be granted access to the Publisher Portal"
      },
      "defaultValue": ""
    },
    "AadSqlAdminUsers": {
      "type": "string",
      "metadata": {
        "description": "AAD SQL Admin User"
      },
      "defaultValue": ""
    },
    "AadAdminObjectId": {
      "type": "string",
      "metadata": {
        "description": "AAD SQL Admin User Object ID"
      },
      "defaultValue": ""
    },
    "expDate": {
      "type": "int",
      "defaultValue": "[dateTimeToEpoch(dateTimeAdd(utcNow(), 'P2Y'))]"
    }
  },
  "variables": {
    "alwaysOn": true,
    "skuCode": "B1",
    "location": "[resourceGroup().location]",
    "appServicePlanName": "[concat(parameters('webAppNamePrefix'),'-asp')]",
    "customerPortalAppName": "[concat(parameters('webAppNamePrefix'),'-portal')]",
    "adminPortalAppName": "[concat(parameters('webAppNamePrefix'),'-admin')]",
    "sqlServerName": "[concat(parameters('webAppNamePrefix'),'-sql')]",
    "sqlDBName": "AMPSaaSDB",
    "sqlAdminLogin": "[concat('saasdbadmin', substring(uniqueString(resourceGroup().id),0,6))]",
    "sqlAdminLoginPassword": "[parameters('SqlAdminLoginPassword')]",
    "networkName": "[concat(parameters('webAppNamePrefix'),'-net')]",
    "kvName": "[concat(parameters('webAppNamePrefix'),'-kv')]",
    "aadApplicationSecretName": "ADApplicationSecret",
    "defaultConnectionSecretName": "DefaultConnection",
    "aadAppSetting": "[concat('@Microsoft.KeyVault(VaultName=',variables('kvName'), ';SecretName=', variables('aadApplicationSecretName'),')')]",
    "defaultConnectionSetting": "[concat('@Microsoft.KeyVault(VaultName=',variables('kvName'), ';SecretName=', variables('defaultConnectionSecretName'),')')]",
    "defaultConnectionSecret": "[concat('Data Source=tcp:', variables('sqlServerName'), '.database.windows.net,1433;Initial Catalog=AMPSaaSDB', ';User Id=', variables('sQLAdminLogin'), '@', variables('sqlServerName'), '.database.windows.net;Password=', variables('sQLAdminLoginPassword'), ';')]",
    "customerSitePackagePath": "[uri(deployment().properties.templateLink.uri, 'CustomerSite.zip')]",
    "adminSitePackagePath": "[uri(deployment().properties.templateLink.uri, 'AdminSite.zip')]",
    "bacpacUrl": "[uri(deployment().properties.templateLink.uri, 'AMPSaaSDB.bacpac')]"
  },
  "resources": [
    // Vnet and Subnets
    {
      "type": "Microsoft.Network/virtualNetworks",
      "apiVersion": "2022-07-01",
      "name": "[variables('networkName')]",
      "location": "[resourceGroup().location]",
      "dependsOn": [],
      "properties": {
        "addressSpace": {
          "addressPrefixes": [
            "10.0.0.0/16"
          ]
        },
        "subnets": [
          {
            "name": "default",
            "id": "[resourceId('Microsoft.Network/virtualNetworks/subnets', variables('networkName'), 'default')]",
            "properties": {
              "addressPrefix": "10.0.0.0/24",
              "delegations": [],
              "privateEndpointNetworkPolicies": "Disabled",
              "privateLinkServiceNetworkPolicies": "Enabled"
            },
            "type": "Microsoft.Network/virtualNetworks/subnets"
          },
          {
            "name": "web",
            "id": "[resourceId('Microsoft.Network/virtualNetworks/subnets', variables('networkName'), 'web')]",
            "properties": {
              "addressPrefix": "10.0.1.0/24",
              "serviceEndpoints": [
                {
                  "service": "Microsoft.Web",
                  "locations": [
                    "*"
                  ]
                },
                {
                  "service": "Microsoft.Sql",
                  "locations": [
                    "*"
                  ]
                },
                {
                  "service": "Microsoft.KeyVault",
                  "locations": [
                    "*"
                  ]
                }
              ],
              "delegations": [
                {
                  "name": "delegation",
                  "id": "[concat(resourceId('Microsoft.Network/virtualNetworks/subnets', variables('networkName'), 'web'), '/delegations/delegation')]",
                  "properties": {
                    "serviceName": "Microsoft.Web/serverfarms"
                  },
                  "type": "Microsoft.Network/virtualNetworks/subnets/delegations"
                }
              ],
              "privateEndpointNetworkPolicies": "Disabled",
              "privateLinkServiceNetworkPolicies": "Enabled"
            },
            "type": "Microsoft.Network/virtualNetworks/subnets"
          }
        ],
        "virtualNetworkPeerings": [],
        "enableDdosProtection": false
      }
    },
    // SQL Server and DB
    {
      "type": "Microsoft.Sql/servers",
      "apiVersion": "2015-05-01-preview",
      "name": "[variables('sqlServerName')]",
      "location": "[resourceGroup().location]",
      "dependsOn": [
        "[resourceId('Microsoft.Network/virtualNetworks', variables('networkName'))]"
      ],
      "properties": {
        "administratorLogin": "[variables('sqlAdminLogin')]",
        "administratorLoginPassword": "[variables('sqlAdminLoginPassword')]",
        "version": "12.0"
      },
      "resources": [
        {
          "type": "firewallrules",
          "name": "AllowAllAzureIps",
          "location": "[resourceGroup().location]",
          "apiVersion": "2015-05-01-preview",
          "dependsOn": [
            "[variables('sqlServerName')]"
          ],
          "properties": {
            "startIpAddress": "0.0.0.0",
            "endIpAddress": "0.0.0.0"
          }
        }
      ]
    },
    {
      "name": "[concat(variables('sqlServerName'),'/ActiveDirectory')]",
      "type": "Microsoft.Sql/servers/administrators",
      "dependsOn": [
        "[resourceId('Microsoft.Sql/servers', variables('sqlServerName'))]"
      ],
      "apiVersion": "2019-06-01-preview",
      "properties": {
        "administratorType": "ActiveDirectory",
        "login": "[parameters('AadSqlAdminUsers')]",
        "sid": "[parameters('AadAdminObjectId')]",
        "tenantId": "[parameters('TenantID')]"
      }
    },
    {
      "comments": "Allowing Access from Web subnet to the SQL Server",
      "type": "Microsoft.Sql/servers/virtualNetworkRules",
      "name": "[concat(variables('sqlServerName'), '/internal')]",
      "apiVersion": "2015-05-01-preview",
      "scale": null,
      "properties": {
        "virtualNetworkSubnetId": "[resourceId('Microsoft.Network/virtualNetworks/subnets', variables('networkName'), 'web')]",
        "ignoreMissingVnetServiceEndpoint": false
      },
      "dependsOn": [
        "[resourceId('Microsoft.Sql/servers', variables('sqlServerName'))]"
      ]
    },
    {
      "type": "Microsoft.Sql/servers/databases",
      "apiVersion": "2017-03-01-preview",
      "name": "[concat(string(variables('sqlServerName')), '/', string(variables('sqlDBName')))]",
      "location": "[resourceGroup().location]",
      "dependsOn": [
        "[resourceId('Microsoft.Sql/servers', variables('sqlServerName'))]"
      ],
      "sku": {
        "name": "S0",
        "tier": "Standard"
      },
      "kind": "v12.0,user",
      "properties": {
        "collation": "SQL_Latin1_General_CP1_CI_AS",
        "maxSizeBytes": 268435456000,
        "catalogCollation": "SQL_Latin1_General_CP1_CI_AS",
        "zoneRedundant": false
      },
      "resources": [
        {
          "name": "Import",
          "type": "extensions",
          "apiVersion": "2014-04-01",
          "dependsOn": [
            "[resourceId('Microsoft.Sql/servers/databases', variables('sqlServerName'), variables('sqlDBName'))]"
          ],
          "properties": {
            "storageKeyType": "SharedAccessKey",
            "storageKey": "[concat('?','')]",
            "storageUri": "[variables('bacpacUrl')]",
            "administratorLogin": "[variables('SQLAdminLogin')]",
            "administratorLoginPassword": "[variables('SQLAdminLoginPassword')]",
            "operationMode": "Import"
          }
        }
      ]
    },

    // App service plan and web apps
    {
      "type": "Microsoft.Web/serverfarms",
      "apiVersion": "2019-08-01",
      "name": "[variables('appServicePlanName')]",
      "location": "[variables('location')]",
      "sku": {
        "name": "[variables('skuCode')]",
        "capacity": "1"
      },
      "tags": {
        "displayName": "[variables('appServicePlanName')]"
      },
      "properties": {
        "name": "[variables('appServicePlanName')]"
      },
      "kind": "linux"
    },
    {
      "name": "[variables('customerPortalAppName')]",
      "type": "Microsoft.Web/sites",
      "apiVersion": "2019-08-01",
      "location": "[variables('location')]",
      "identity": {
        "type": "SystemAssigned"
      },
      "tags": {
        "displayName": "[variables('customerPortalAppName')]"
      },
      "dependsOn": [
        "[resourceId('Microsoft.Web/serverfarms', variables('appServicePlanName'))]"
      ],
      "properties": {
        "name": "[variables('customerPortalAppName')]",
        "serverFarmId": "[resourceId('Microsoft.Web/serverfarms', variables('appServicePlanName'))]",
        "httpsOnly": true,
        "virtualNetworkSubnetId": "[reference(resourceId('Microsoft.Network/virtualNetworks', variables('networkName'))).subnets[1].id]",
        "siteConfig": {
          "connectionStrings": [],
          "appSettings": [],
          "metadata": [
            {
              "name": "CURRENT_STACK",
              "value": "dotnetcore"
            }
          ],
          "alwaysOn": "[variables('alwaysOn')]",
          "ftpsState": "FtpsOnly",
          "http20Enabled": false,
          "minTlsVersion": "1.2"
        }
      }
    },
    {
      "name": "[variables('adminPortalAppName')]",
      "type": "Microsoft.Web/sites",
      "apiVersion": "2019-08-01",
      "location": "[variables('location')]",
      "identity": {
        "type": "SystemAssigned"
      },
      "tags": {
        "displayName": "[variables('adminPortalAppName')]"
      },
      "dependsOn": [
        "[resourceId('Microsoft.Web/serverfarms', variables('appServicePlanName'))]",
        "[resourceId('Microsoft.Web/sites', variables('customerPortalAppName'))]"
      ],
      "properties": {
        "name": "[variables('adminPortalAppName')]",
        "serverFarmId": "[resourceId('Microsoft.Web/serverfarms', variables('appServicePlanName'))]",
        "httpsOnly": true,
        "virtualNetworkSubnetId": "[reference(resourceId('Microsoft.Network/virtualNetworks', variables('networkName'))).subnets[1].id]",
        "siteConfig": {
          "connectionStrings": [],
          "appSettings": [],
          "metadata": [
            {
              "name": "CURRENT_STACK",
              "value": "dotnetcore"
            }
          ],
          "alwaysOn": "[variables('alwaysOn')]",
          "ftpsState": "FtpsOnly",
          "http20Enabled": false,
          "minTlsVersion": "1.2"
        }
      }
    },
    // Key Vault and Secrets
    {
      "type": "Microsoft.KeyVault/vaults",
      "apiVersion": "2021-11-01-preview",
      "name": "[variables('kvName')]",
      "location": "[variables('location')]",
      "dependsOn": [
        "[resourceId('Microsoft.Web/sites', variables('customerPortalAppName'))]",
        "[resourceId('Microsoft.Web/sites', variables('adminPortalAppName'))]"
      ],
      "properties": {
        "enabledForDeployment": false,
        "enabledForDiskEncryption": false,
        "enabledForTemplateDeployment": false,
        "enablePurgeProtection": true,
        "enableSoftDelete": true,
        "tenantId": "[subscription().tenantId]",
        "accessPolicies": [
          {
            "objectId": "[reference(resourceId('Microsoft.Web/sites', variables('customerPortalAppName')), '2018-02-01', 'Full').identity.principalId]",
            "tenantId": "[subscription().tenantId]",
            "permissions": {
              "secrets": [ "list", "get" ]
            }
          },
          {
            "objectId": "[reference(resourceId('Microsoft.Web/sites', variables('adminPortalAppName')), '2018-02-01', 'Full').identity.principalId]",
            "tenantId": "[subscription().tenantId]",
            "permissions": {
              "secrets": [ "list", "get" ]
            }
          }
        ],
        "sku": {
          "name": "standard",
          "family": "A"
        },
        "networkAcls": {
          "bypass": "AzureServices",
          "defaultAction": "Deny",
          "ipRules": [],
          "virtualNetworkRules": [
            {
              "id": "[resourceId('Microsoft.Network/virtualNetworks/subnets', variables('networkName'), 'web')]",
              "ignoreMissingVnetServiceEndpoint": false
            }
          ]
        }
      }
    },
    {
      "type": "Microsoft.KeyVault/vaults/secrets",
      "apiVersion": "2021-11-01-preview",
      "name": "[format('{0}/{1}', variables('kvName'), variables('aadApplicationSecretName'))]",
      "properties": {
        "value": "[parameters('ADApplicationSecret')]",
        "attributes": {
           "enabled": true,
           "exp": "[parameters('expDate')]"
          }
      },
      "dependsOn": [
        "[resourceId('Microsoft.KeyVault/vaults', variables('kvName'))]"
      ]
    },
    {
      "type": "Microsoft.KeyVault/vaults/secrets",
      "apiVersion": "2021-11-01-preview",
      "name": "[format('{0}/{1}', variables('kvName'), variables('defaultConnectionSecretName'))]",
      "properties": {
        "value": "[variables('defaultConnectionSecret')]",
         "attributes": {
           "enabled": true,
           "exp": "[parameters('expDate')]"
          }
      },
      "dependsOn": [
        "[resourceId('Microsoft.KeyVault/vaults', variables('kvName'))]"
      ]
    },
    // App configuration
    {
      "type": "Microsoft.Web/sites/config",
      "name": "[concat(variables('customerPortalAppName'), '/appsettings')]",
      "apiVersion": "2018-11-01",
      "properties": {
        "SaaSApiConfiguration__AdAuthenticationEndPoint": "https://login.microsoftonline.com",
      "SaaSApiConfiguration__TenantId": "[parameters('TenantID')]",
      "SaaSApiConfiguration__ClientId": "[parameters('ADApplicationID')]",
      "SaaSApiConfiguration__ClientSecret": "[variables('aadAppSetting')]",
      "SaaSApiConfiguration__MTClientId": "[parameters('ADMTApplicationID')]",
      "SaaSApiConfiguration__FulFillmentAPIBaseURL": "https://marketplaceapi.microsoft.com/api",
      "SaaSApiConfiguration__FulFillmentAPIVersion": "2018-08-31",      
      "SaaSApiConfiguration__GrantType": "client_credentials",
      "SaaSApiConfiguration__Resource": "20e940b3-4c77-4b0b-9a53-9e16a1b010a7",
      "SaaSApiConfiguration__SaaSAppUrl": "",
      "SaaSApiConfiguration__SignedOutRedirectUri": "[concat('https://', variables('customerPortalAppName'), '.azurewebsites.net/Home/Index')]",
      "WEBSITE_HTTPLOGGING_RETENTION_DAYS": "1",
      "WEBSITE_RUN_FROM_PACKAGE": "[variables('customerSitePackagePath')]"
      },
      "dependsOn": [ 
        "[resourceId('Microsoft.KeyVault/vaults/secrets', variables('kvName'), variables('aadApplicationSecretName'))]",
        "[resourceId('Microsoft.KeyVault/vaults/secrets', variables('kvName'), variables('defaultConnectionSecretName'))]"
        ]
    },
    {
      "type": "Microsoft.Web/sites/config",
      "name": "[concat(variables('adminPortalAppName'), '/appsettings')]",
      "apiVersion": "2018-11-01",
      "properties": {
        "SaaSApiConfiguration__AdAuthenticationEndPoint": "https://login.microsoftonline.com",
        "SaaSApiConfiguration__TenantId": "[parameters('TenantID')]",
        "SaaSApiConfiguration__ClientId": "[parameters('ADApplicationID')]",
        "SaaSApiConfiguration__ClientSecret": "[variables('aadAppSetting')]",
        "SaaSApiConfiguration__MTClientId": "[parameters('ADMTApplicationID')]",
        "SaaSApiConfiguration__FulFillmentAPIBaseURL": "https://marketplaceapi.microsoft.com/api",
        "SaaSApiConfiguration__FulFillmentAPIVersion": "2018-08-31",      
        "SaaSApiConfiguration__GrantType": "client_credentials",
        "SaaSApiConfiguration__Resource": "20e940b3-4c77-4b0b-9a53-9e16a1b010a7",
        "SaaSApiConfiguration__SaaSAppUrl": "",
        "SaaSApiConfiguration__SignedOutRedirectUri": "[concat('https://', variables('adminPortalAppName'), '.azurewebsites.net/Home/Index')]",
        "KnownUsers": "[parameters('PublisherAdminUsers')]",
        "WEBSITE_HTTPLOGGING_RETENTION_DAYS": "1",
        "WEBSITE_RUN_FROM_PACKAGE": "[variables('adminSitePackagePath')]"
      },
      "dependsOn": [ 
        "[resourceId('Microsoft.KeyVault/vaults/secrets', variables('kvName'), variables('aadApplicationSecretName'))]",
        "[resourceId('Microsoft.KeyVault/vaults/secrets', variables('kvName'), variables('defaultConnectionSecretName'))]"
        ]
    },
    {
      "type": "Microsoft.Web/sites/config",
      "name": "[concat(variables('customerPortalAppName'), '/connectionstrings')]",
      "apiVersion": "2018-11-01",
      "properties": {
        "DefaultConnection": 
          {
            "value": "[variables('defaultConnectionSetting')]",
            "type": "SQLServer"
          }
      },
      "dependsOn": [ 
        "[resourceId('Microsoft.KeyVault/vaults/secrets', variables('kvName'), variables('aadApplicationSecretName'))]",
        "[resourceId('Microsoft.KeyVault/vaults/secrets', variables('kvName'), variables('defaultConnectionSecretName'))]"
        ]
    },
    {
      "type": "Microsoft.Web/sites/config",
      "name": "[concat(variables('adminPortalAppName'), '/connectionstrings')]",
      "apiVersion": "2018-11-01",
      "properties": {
        "DefaultConnection": 
          {
            "value": "[variables('defaultConnectionSetting')]",
            "type": "SQLServer"
          }
      },
      "dependsOn": [ 
        "[resourceId('Microsoft.KeyVault/vaults/secrets', variables('kvName'), variables('aadApplicationSecretName'))]",
        "[resourceId('Microsoft.KeyVault/vaults/secrets', variables('kvName'), variables('defaultConnectionSecretName'))]"
        ]
    }
  ],
  "outputs": {
    "CustomerPortal": {
      "type": "string",
      "value": "[reference(concat('Microsoft.Web/sites/', variables('customerPortalAppName'))).hostnames[0]]"
    },
    "PublisherPortal": {
      "type": "string",
      "value": "[reference(concat('Microsoft.Web/sites/', variables('adminPortalAppName'))).hostnames[0]]"
    }
  }
}